{
  "rmse": 0.48688005126638556,
  "mae": 0.29575791259744055,
  "r2": 0.9998840511331222,
  "svr": {
    "rmse": 0.4184569591796898,
    "mae": 0.29204462255530433,
    "r2": 0.9999143506370733
  },
  "rf": {
    "rmse": 0.6410147802140208,
    "mae": 0.34950020739665383,
    "r2": 0.9997990173194999
  },
  "fusion": {
    "rmse": 0.48688005126638556,
    "mae": 0.29575791259744055,
    "r2": 0.9998840511331222
  }
}
